Number of Buses,Bus Spacing,ReRoute,ChangeLegMode,Speed of Flood,Average Time 1st,Trip distance 1st,Mode Split 100th,Total evacuation time
1,120,FALSE,TRUE,120,2506.0,5414.278776633827,0.948,7200
2,120,FALSE,TRUE,120,2491.9,5468.478679932337,0.948,7200
3,120,FALSE,TRUE,120,2277.8,5283.071240576561,0.916,7200
4,120,FALSE,TRUE,120,1696.7,4745.597309600123,0.8,7200
